StaffID,FullName,Gender,Role,Phone,Email,Salary,JoiningDate
1,Aldridge MacKenney,Male,Housekeeping,4134965037,amackenney0@ibm.com,15538,03-05-2023
2,Sigismundo Bloxsom,Male,Housekeeping,3767529258,sbloxsom1@gravatar.com,19012,17-04-2022
3,Frannie Glanz,Female,Housekeeping,8767817883,fglanz2@fc2.com,22543,28-02-2023
4,Dianne Brouard,Male,Receptionist,3796918669,dbrouard3@list-manage.com,31793,30-01-2023
5,Lyn Adamovitz,Other,Housekeeping,7639081285,ladamovitz4@buzzfeed.com,22519,18-04-2022
6,Wilmer Tatham,Female,Housekeeping,2173219369,wtatham5@godaddy.com,24494,04-06-2022
7,Land Galland,Male,Housekeeping,8815528341,lgalland6@dmoz.org,23132,05-01-2022
8,Morgan Kleinsinger,Male,Receptionist,8549661010,mkleinsinger7@hao123.com,30812,15-03-2022
9,Matthew Edgeson,Male,Housekeeping,4292509046,medgeson8@vimeo.com,20658,14-12-2022
10,Rudiger Bethune,Male,Housekeeping,6605826041,rbethune9@japanpost.jp,16300,29-07-2023
11,Kain Duesberry,Female,Receptionist,9928913315,kduesberrya@foxnews.com,32273,21-01-2023
12,Nari Musprat,Female,Housekeeping,3176576524,nmuspratb@about.com,20106,29-06-2022
13,Randall Reddan,Female,Receptionist,5936237241,rreddanc@indiegogo.com,27577,08-10-2022
14,Augy Kopecka,Male,Manager,2218924885,akopeckad@instagram.com,56261,16-09-2022
15,Kliment Burdon,Female,Receptionist,8459443819,kburdone@squarespace.com,32581,07-04-2023
16,Libby Veare,Other,Housekeeping,3172846833,lvearef@1688.com,17234,14-08-2022
17,Calvin Nathan,Female,Receptionist,8683802283,cnathang@photobucket.com,26385,12-03-2022
18,Kylynn Greeves,Female,Housekeeping,9486019701,kgreevesh@nyu.edu,21464,26-07-2022
19,Jacquelyn Stoltz,Female,Receptionist,4182652999,jstoltzi@163.com,31749,08-09-2022
20,Theresa Hallatt,Male,Housekeeping,5134833405,thallattj@nyu.edu,19292,26-09-2023
21,Jayme McCowen,Female,Housekeeping,9576670573,jmccowenk@paginegialle.it,19972,14-09-2023
22,Garvin Tilne,Male,Housekeeping,7505161285,gtilnel@salon.com,19413,26-04-2022
23,Armando Marklew,Female,Receptionist,9923438376,amarklewm@ebay.com,31332,12-09-2023
24,Maud Tweed,Female,Receptionist,4281504395,mtweedn@qq.com,32858,17-03-2023
25,Joelynn Farrand,Female,Housekeeping,5636898055,jfarrando@sohu.com,22166,22-08-2022
26,Gracia Dilks,Female,Receptionist,5913810496,gdilksp@intel.com,29862,14-12-2022
27,Burnaby Slocket,Male,Housekeeping,3863747490,bslocketq@cnn.com,16051,26-10-2023
28,Nadean MacEllen,Female,Housekeeping,7862739843,nmacellenr@elegantthemes.com,21747,14-07-2022
29,Seymour Callicott,Female,Receptionist,4537636850,scallicotts@marriott.com,26743,30-08-2022
30,Gerda Skeffington,Female,Receptionist,4109619375,gskeffingtont@go.com,31437,25-09-2022
31,Carey Vittery,Male,Receptionist,3669299582,cvitteryu@howstuffworks.com,29919,16-10-2023
32,Trumann Geare,Male,Housekeeping,1347909498,tgearev@spiegel.de,15923,18-03-2023
33,Leslie Dood,Female,Housekeeping,4729151032,ldoodw@ted.com,15557,03-01-2023
34,D'arcy Gavriel,Female,Housekeeping,4423879781,dgavrielx@github.io,24167,11-07-2022
35,Othelia Batha,Male,Housekeeping,8429648599,obathay@godaddy.com,18425,15-04-2023
36,Beatrice Aiston,Male,Housekeeping,5069225919,baistonz@independent.co.uk,16245,19-02-2022
37,Gloria Burles,Male,Housekeeping,5252740184,gburles10@patch.com,20034,09-12-2023
38,Alfie Costar,Female,Manager,7883294481,acostar11@shareasale.com,62950,10-11-2023
39,Denyse Plain,Female,Housekeeping,3414767565,dplain12@stumbleupon.com,15866,03-01-2023
40,Meghan Mabon,Female,Housekeeping,1421959452,mmabon13@seesaa.net,16534,07-04-2023
41,Roanna Pirson,Male,Receptionist,8832482392,rpirson14@alexa.com,33712,14-02-2023
42,Terza Vears,Female,Receptionist,7071013184,tvears15@storify.com,34232,04-08-2022
43,Elfrida Plomer,Male,Housekeeping,9348359281,eplomer16@de.vu,21820,17-06-2022
44,Cindra Mulqueeny,Other,Receptionist,5918936563,cmulqueeny17@diigo.com,27335,06-01-2022
45,Marie-jeanne Chagg,Male,Receptionist,7908322628,mchagg18@hexun.com,27813,17-07-2023
46,Evania Bewly,Other,Receptionist,4373281654,ebewly19@vinaora.com,31317,30-05-2023
47,Gabbey Abarough,Male,Housekeeping,9797680080,gabarough1a@woothemes.com,24556,04-05-2023
48,Miriam O'Reilly,Male,Receptionist,8269817661,moreilly1b@ucla.edu,29741,31-08-2022
49,Vivianna Courtenay,Male,Housekeeping,8122582604,vcourtenay1c@ustream.tv,16960,06-10-2023
50,Ferne Hundell,Male,Receptionist,1198297923,fhundell1d@tinyurl.com,30562,16-08-2023
51,Demetri Coles,Other,Housekeeping,9747019504,dcoles1e@icq.com,17099,06-06-2023
52,Dorree Oager,Female,Receptionist,3887842680,doager1f@shop-pro.jp,31980,25-12-2023
53,Maynord Burrass,Male,Housekeeping,8879812489,mburrass1g@army.mil,24986,08-07-2023
54,Suellen Posten,Male,Receptionist,7367346553,sposten1h@salon.com,32820,22-10-2022
55,Antonella Skerm,Male,Manager,3527222732,askerm1i@netlog.com,59508,18-09-2023
56,Katlin Errichelli,Female,Housekeeping,1403793386,kerrichelli1j@huffingtonpost.com,24234,26-03-2023
57,Nobe Hollyland,Male,Receptionist,4318048617,nhollyland1k@aol.com,27201,21-03-2023
58,Bartholemy Bache,Male,Receptionist,1016778229,bbache1l@paginegialle.it,28156,13-08-2023
59,Horatius Wolvey,Female,Receptionist,6799669782,hwolvey1m@parallels.com,26783,11-12-2023
60,Teodorico Crosio,Male,Housekeeping,9297307077,tcrosio1n@livejournal.com,18349,15-03-2022
61,Ely Owttrim,Male,Housekeeping,6556357047,eowttrim1o@ucsd.edu,15317,19-08-2022
62,Saxe Bramont,Male,Manager,7695766510,sbramont1p@e-recht24.de,66907,20-04-2023
63,Sammy Sillis,Male,Receptionist,6865553130,ssillis1q@pagesperso-orange.fr,29705,25-07-2023
64,Kermie Duddridge,Female,Receptionist,9478465437,kduddridge1r@ebay.co.uk,34998,03-01-2022
65,Sauncho Reach,Male,Housekeeping,8147728502,sreach1s@uiuc.edu,24050,14-01-2022
66,Iorgos Moden,Male,Receptionist,8211467181,imoden1t@themeforest.net,25533,19-10-2023
67,Valina Giraldon,Female,Housekeeping,1112904520,vgiraldon1u@smh.com.au,24760,19-06-2023
68,Mariel Effemy,Male,Housekeeping,5719913804,meffemy1v@sina.com.cn,22403,24-10-2022
69,Bessy Link,Male,Housekeeping,2047201433,blink1w@examiner.com,19186,09-03-2022
70,Fairleigh Coultous,Female,Receptionist,8555611876,fcoultous1x@skyrock.com,27405,02-01-2023
71,Ardisj Vibert,Female,Receptionist,6377062008,avibert1y@google.ru,29677,22-10-2023
72,Row Lubeck,Male,Receptionist,5375113854,rlubeck1z@skyrock.com,30944,19-09-2022
73,Willow Stickler,Male,Housekeeping,5921165393,wstickler20@photobucket.com,16629,08-02-2023
74,Fleur Couves,Male,Housekeeping,7044500080,fcouves21@adobe.com,20010,27-10-2023
75,Angelique Nafzger,Male,Housekeeping,3581140686,anafzger22@google.de,16909,06-05-2023
76,Belita Ogdahl,Male,Receptionist,2377605227,bogdahl23@photobucket.com,34166,05-10-2023
77,Gordon Letixier,Other,Receptionist,7793850440,gletixier24@google.pl,34651,06-12-2023
78,Astrid Gildea,Female,Receptionist,9066676107,agildea25@mapy.cz,31230,10-06-2023
79,Melanie Hurley,Female,Housekeeping,3676219814,mhurley26@163.com,17018,17-10-2022
80,Dara Grishelyov,Female,Manager,3594640743,dgrishelyov27@foxnews.com,60074,11-05-2022
81,Eugene Issacson,Female,Housekeeping,4751646133,eissacson28@tripod.com,18779,10-12-2023
82,Mead Hancell,Male,Manager,2695213731,mhancell29@usda.gov,66001,24-08-2022
83,Wyatt Capnor,Female,Manager,9591866813,wcapnor2a@wix.com,55610,31-12-2022
84,Twyla Marsden,Male,Housekeeping,1959151013,tmarsden2b@cisco.com,24086,09-06-2022
85,Jeri Hurles,Male,Housekeeping,9391051080,jhurles2c@google.co.jp,18237,11-11-2023
86,Bridie Lisett,Female,Housekeeping,6772507300,blisett2d@lycos.com,21545,29-07-2022
87,April Percy,Male,Receptionist,3875449844,apercy2e@merriam-webster.com,25735,28-08-2022
88,Vitia Petrovykh,Female,Receptionist,2771416724,vpetrovykh2f@constantcontact.com,30383,03-11-2022
89,Charles Walbrook,Female,Housekeeping,9652975494,cwalbrook2g@gmpg.org,19680,22-12-2022
90,Dall Newborn,Male,Manager,7392932534,dnewborn2h@bloglovin.com,65197,24-10-2023
91,Ame Kuschel,Female,Housekeeping,5922336433,akuschel2i@wunderground.com,23194,01-10-2023
92,Dudley Ruppertz,Female,Housekeeping,6966989942,druppertz2j@eepurl.com,23285,31-07-2023
93,Fleurette Whates,Female,Housekeeping,7368376922,fwhates2k@hhs.gov,17677,26-09-2022
94,Ethel Pagelsen,Male,Housekeeping,9848300887,epagelsen2l@netlog.com,23993,06-09-2023
95,Odette Timewell,Male,Receptionist,7849125953,otimewell2m@about.me,29549,22-07-2022
96,Roselle Scrannage,Male,Receptionist,8074887584,rscrannage2n@fotki.com,25838,26-08-2023
97,Harry Heggison,Male,Housekeeping,2956001302,hheggison2o@goo.ne.jp,22031,31-01-2022
98,Evangelina Hopkyns,Female,Housekeeping,4563442293,ehopkyns2p@yahoo.co.jp,20263,06-04-2023
99,Gianna Bouchier,Female,Housekeeping,1235556528,gbouchier2q@ask.com,22198,20-01-2023
100,Yul Ortells,Female,Housekeeping,4179497823,yortells2r@phoca.cz,19816,06-12-2023
101,Ferrell Tweedell,Female,Housekeeping,3897753194,ftweedell2s@sitemeter.com,24550,13-10-2022
102,Melessa Nisard,Male,Housekeeping,2833936737,mnisard2t@cam.ac.uk,24112,05-02-2022
103,Celisse Greatham,Male,Manager,3453946543,cgreatham2u@amazonaws.com,61546,11-01-2023
104,Erinn Skipworth,Male,Housekeeping,7393635325,eskipworth2v@privacy.gov.au,15781,10-01-2022
105,Yardley Villaron,Female,Manager,7885785238,yvillaron2w@yellowpages.com,54768,04-05-2023
106,Jacquenette Owbridge,Male,Housekeeping,4526136488,jowbridge2x@paginegialle.it,15838,24-12-2022
107,Katuscha Fathers,Male,Receptionist,6125884436,kfathers2y@netscape.com,30350,13-11-2022
108,Ezechiel Gaskin,Female,Housekeeping,9828562526,egaskin2z@diigo.com,17217,11-04-2022
109,Mona Haddleton,Female,Housekeeping,5195910042,mhaddleton30@tripod.com,22895,02-11-2022
110,Malcolm Cunniffe,Male,Housekeeping,2543672452,mcunniffe31@house.gov,20213,04-07-2022
111,Lowell Demsey,Female,Manager,6901574678,ldemsey32@ovh.net,59564,04-07-2022
112,Niki Fallawe,Female,Housekeeping,8846711775,nfallawe33@japanpost.jp,15115,24-06-2023
113,Reynold Sasser,Male,Housekeeping,9686470697,rsasser34@sciencedaily.com,22970,31-12-2022
114,Elene MacDunlevy,Male,Housekeeping,1577911290,emacdunlevy35@apple.com,22024,27-06-2023
115,Cody Cockin,Male,Receptionist,6088543882,ccockin36@army.mil,29671,27-07-2023
116,Hector Imos,Male,Housekeeping,3818916631,himos37@plala.or.jp,24009,19-03-2023
117,Ugo Millichap,Male,Housekeeping,8329064877,umillichap38@tuttocitta.it,22809,22-03-2023
118,Wesley Kaszper,Male,Housekeeping,7003651606,wkaszper39@vimeo.com,17855,03-01-2022
119,Giulia Chugg,Female,Housekeeping,9775285914,gchugg3a@is.gd,23760,27-10-2022
120,Krissie Mateja,Male,Housekeeping,3532376608,kmateja3b@smugmug.com,16538,03-02-2022
121,Pavel Petr,Female,Housekeeping,3133582653,ppetr3c@nba.com,22542,04-10-2022
122,Averil Gomer,Other,Housekeeping,7799141301,agomer3d@paginegialle.it,16521,19-09-2022
123,Marlene Cumber,Male,Housekeeping,6541093478,mcumber3e@symantec.com,21634,25-09-2022
124,Sandy Merwe,Female,Housekeeping,2343907759,smerwe3f@hc360.com,16292,16-01-2023
125,Gustie Clapham,Female,Housekeeping,9346623244,gclapham3g@globo.com,19612,22-01-2023
126,Bennie Yosifov,Other,Receptionist,4323316399,byosifov3h@japanpost.jp,25442,27-05-2022
127,Dasha Highnam,Other,Manager,6473825780,dhighnam3i@google.fr,68638,17-01-2022
128,Ellis Goad,Male,Housekeeping,3742728379,egoad3j@columbia.edu,24989,06-02-2023
129,Sasha Danilchik,Male,Housekeeping,6767493769,sdanilchik3k@abc.net.au,19377,05-11-2022
130,Gayle Fiveash,Female,Receptionist,9869791367,gfiveash3l@usatoday.com,28343,07-11-2022
131,Eba Postlethwaite,Female,Housekeeping,2883025875,epostlethwaite3m@pcworld.com,19031,21-09-2023
132,Ibby Cotman,Male,Receptionist,1411488479,icotman3n@oaic.gov.au,33879,11-06-2022
133,Beaufort Weetch,Female,Housekeeping,3059401322,bweetch3o@opera.com,16312,01-09-2023
134,Adrian Opdenorth,Male,Housekeeping,3081655966,aopdenorth3p@scribd.com,24647,01-08-2023
135,Gwenny Woodrup,Male,Manager,9766781976,gwoodrup3q@blogspot.com,51068,21-02-2022
136,Wileen Handrek,Male,Housekeeping,1779685947,whandrek3r@vinaora.com,17595,24-02-2022
137,Bibby Castagnasso,Female,Housekeeping,9895624710,bcastagnasso3s@narod.ru,16690,11-12-2023
138,Parsifal Duckhouse,Male,Manager,4848394280,pduckhouse3t@patch.com,65967,12-07-2023
139,Roz MacMenamie,Female,Receptionist,6686291738,rmacmenamie3u@statcounter.com,30113,13-11-2023
140,Carolin Fawson,Male,Receptionist,2208747671,cfawson3v@accuweather.com,27578,25-04-2023
141,Kerwinn Gayforth,Other,Housekeeping,5767029286,kgayforth3w@mediafire.com,16871,10-07-2022
142,Denis Ferrarello,Female,Housekeeping,2324770066,dferrarello3x@cargocollective.com,19057,12-01-2022
143,Lyndsey Battersby,Male,Housekeeping,5584532999,lbattersby3y@so-net.ne.jp,20620,15-10-2023
144,Fremont Woloschinski,Female,Housekeeping,6742586688,fwoloschinski3z@berkeley.edu,21028,26-08-2023
145,Catherine Marqyes,Male,Receptionist,5915138108,cmarqyes40@yale.edu,30257,23-07-2023
146,Pietra Shervington,Female,Receptionist,1297573529,pshervington41@vinaora.com,28801,15-08-2022
147,Kip Batson,Male,Receptionist,2805409146,kbatson42@reuters.com,34142,29-06-2022
148,Kalina Hearns,Male,Housekeeping,1513004073,khearns43@photobucket.com,22589,24-09-2023
149,Tarra Ladbrooke,Female,Receptionist,4028258943,tladbrooke44@artisteer.com,28428,29-01-2022
150,Halsey Klimmek,Male,Receptionist,5426364357,hklimmek45@cornell.edu,28283,05-01-2023
151,Nady Ielden,Male,Housekeeping,9498245711,nielden46@disqus.com,18173,21-12-2022
152,Eileen Vicarey,Male,Housekeeping,3246109455,evicarey47@technorati.com,21148,06-06-2022
153,Christan Tydd,Male,Receptionist,3314388236,ctydd48@newyorker.com,29172,29-04-2023
154,Debby Domonkos,Male,Receptionist,9715629399,ddomonkos49@oakley.com,26075,29-12-2023
155,Lynn Dodding,Male,Receptionist,1725724324,ldodding4a@mayoclinic.com,32104,25-09-2023
156,Sheila-kathryn Lowne,Male,Receptionist,2046877822,slowne4b@vistaprint.com,27997,13-01-2023
157,Matty Hallbord,Female,Manager,5789831989,mhallbord4c@mac.com,57466,22-02-2022
158,Fania Fransemai,Female,Receptionist,7545090118,ffransemai4d@imdb.com,28085,25-09-2022
159,Sandi Marrill,Female,Housekeeping,5031359125,smarrill4e@joomla.org,23441,19-07-2022
160,Mikol Cockings,Male,Housekeeping,7602530538,mcockings4f@disqus.com,17468,30-03-2023
161,Carlie Streeton,Male,Receptionist,2463244750,cstreeton4g@europa.eu,27457,16-08-2022
162,Terrye Milch,Other,Housekeeping,6002578381,tmilch4h@elegantthemes.com,17546,06-07-2022
163,Magnum Duiguid,Male,Manager,4648300697,mduiguid4i@w3.org,59739,26-01-2022
164,Tressa McMillam,Female,Receptionist,4405090928,tmcmillam4j@tinyurl.com,33779,19-07-2023
165,Chrotoem Nix,Male,Receptionist,7716717694,cnix4k@europa.eu,34945,28-05-2022
166,Nance Shwalbe,Male,Housekeeping,2999518073,nshwalbe4l@cargocollective.com,19430,20-03-2022
167,Carita Riste,Male,Housekeeping,3968533722,criste4m@epa.gov,21042,05-06-2022
168,Anastassia Arnholdt,Female,Receptionist,5743957687,aarnholdt4n@miibeian.gov.cn,25340,06-08-2022
169,Fiann Scholfield,Female,Receptionist,3397321731,fscholfield4o@ucsd.edu,29667,15-08-2023
170,Udell Kopec,Female,Receptionist,6546286547,ukopec4p@hhs.gov,29663,14-07-2023
171,Trix Copello,Female,Housekeeping,3703344533,tcopello4q@slate.com,17694,14-06-2022
172,Arne Dodle,Male,Receptionist,8979235479,adodle4r@hugedomains.com,32189,01-01-2023
173,Rozele Franklen,Male,Housekeeping,5628475314,rfranklen4s@delicious.com,21521,05-05-2023
174,Gussi Baseggio,Male,Receptionist,6971055633,gbaseggio4t@discuz.net,33868,02-08-2022
175,Dionis Merit,Male,Receptionist,1796829384,dmerit4u@tripadvisor.com,29584,07-01-2022
176,Rosabelle Frude,Female,Housekeeping,2024547287,rfrude4v@howstuffworks.com,24043,29-05-2023
177,Aurelie Toffts,Male,Housekeeping,8126012301,atoffts4w@army.mil,24127,01-04-2023
178,Deck Earwicker,Male,Housekeeping,6465238141,dearwicker4x@seesaa.net,23551,10-05-2023
179,Chrisy Chasteau,Female,Manager,7974030634,cchasteau4y@google.es,60967,08-04-2023
180,Trish Shankland,Female,Housekeeping,9836781902,tshankland4z@zdnet.com,23570,14-02-2022
181,Thorpe Rieflin,Male,Housekeeping,9311098279,trieflin50@washington.edu,15018,11-02-2022
182,May Martygin,Female,Housekeeping,4209551275,mmartygin51@sphinn.com,19067,29-11-2023
183,Milzie Lawie,Male,Housekeeping,2621839092,mlawie52@altervista.org,15274,18-04-2023
184,Davy Skoggings,Female,Housekeeping,5035811183,dskoggings53@gizmodo.com,16999,23-07-2022
185,Cordi Peinton,Male,Housekeeping,2178090293,cpeinton54@squidoo.com,22090,23-01-2022
186,Monique Phebee,Male,Receptionist,3461223568,mphebee55@facebook.com,27900,25-03-2022
187,Phyllys Kuhwald,Male,Receptionist,6657746777,pkuhwald56@networkadvertising.org,29948,06-04-2022
188,Nerte Plak,Female,Receptionist,1269999949,nplak57@deliciousdays.com,27479,09-11-2022
189,Coretta Goldby,Female,Housekeeping,8197055625,cgoldby58@mediafire.com,21349,04-07-2023
190,Lynne Stovin,Female,Receptionist,4601810528,lstovin59@reuters.com,28531,29-11-2022
191,Toddie Bertomieu,Female,Housekeeping,7011313177,tbertomieu5a@cam.ac.uk,23318,12-12-2023
192,Brockie Dibdale,Female,Receptionist,8038759242,bdibdale5b@t-online.de,34841,09-11-2022
193,Giusto Garvagh,Male,Receptionist,1358626278,ggarvagh5c@apache.org,32057,23-08-2022
194,Adelice Warmisham,Female,Receptionist,3196234182,awarmisham5d@chronoengine.com,28639,30-04-2022
195,Vittorio Shuttlewood,Male,Manager,1515501870,vshuttlewood5e@opensource.org,66809,14-09-2022
196,Jessie Yetton,Female,Housekeeping,3135477307,jyetton5f@europa.eu,16184,21-06-2023
197,Venita Storrs,Female,Receptionist,2938527678,vstorrs5g@tripadvisor.com,30659,22-03-2022
198,Shea Mackison,Female,Housekeeping,3609094259,smackison5h@cafepress.com,20406,22-03-2022
199,Cloris Baake,Female,Manager,5425830019,cbaake5i@businesswire.com,65901,31-01-2022
200,Fran Jirusek,Male,Receptionist,8488935038,fjirusek5j@edublogs.org,27533,18-08-2022
201,Lucretia Tallet,Male,Receptionist,8094996100,ltallet5k@businesswire.com,31653,10-03-2022
202,Fidela Di Filippo,Other,Housekeeping,2559029846,fdi5l@last.fm,18216,13-10-2022
203,Steward Yakushkin,Male,Housekeeping,8134884699,syakushkin5m@reddit.com,19177,03-07-2022
204,Harley Bertomeu,Female,Housekeeping,8673812745,hbertomeu5n@toplist.cz,19108,19-10-2023
205,Gweneth Smithers,Female,Housekeeping,6809741444,gsmithers5o@mediafire.com,17627,13-11-2022
206,Yolane Whyteman,Male,Housekeeping,8358240726,ywhyteman5p@ning.com,22848,08-10-2023
207,Mohammed Grimsdike,Male,Housekeeping,5073678357,mgrimsdike5q@oakley.com,22614,10-09-2023
208,Tammie Steels,Male,Housekeeping,8043881016,tsteels5r@histats.com,21414,03-12-2022
209,Archibold Briiginshaw,Female,Housekeeping,6503182950,abriiginshaw5s@ca.gov,24780,19-07-2023
210,Reeta Benjamin,Female,Manager,5896706192,rbenjamin5t@sfgate.com,64715,05-07-2022
211,Tony Tellenbach,Male,Receptionist,8914830551,ttellenbach5u@ning.com,30093,15-09-2023
212,Tannie Braisby,Male,Receptionist,4825745822,tbraisby5v@prnewswire.com,34144,05-04-2022
213,Richard Harring,Female,Housekeeping,8678509106,rharring5w@ycombinator.com,23716,17-07-2023
214,Tana Commin,Female,Housekeeping,4486404820,tcommin5x@chronoengine.com,16225,17-04-2023
215,Ferd Wixey,Male,Housekeeping,5811018366,fwixey5y@europa.eu,19030,14-07-2022
216,Caren Adanet,Male,Housekeeping,3922750151,cadanet5z@statcounter.com,16371,09-01-2022
217,Fran Eblein,Male,Manager,3345416957,feblein60@businessweek.com,55711,15-11-2022
218,Valida Pickard,Female,Receptionist,3926921264,vpickard61@cnet.com,28294,29-09-2023
219,Byrle Phripp,Female,Receptionist,7625052918,bphripp62@mlb.com,25752,23-08-2022
220,Jobey Brennenstuhl,Male,Housekeeping,9322968806,jbrennenstuhl63@spiegel.de,21878,18-02-2022
221,Matthias Loutheane,Female,Receptionist,3552145886,mloutheane64@squidoo.com,30589,20-11-2022
222,Kort Kift,Male,Housekeeping,1191417491,kkift65@usgs.gov,21047,19-07-2023
223,Regen Coggles,Male,Receptionist,3193221990,rcoggles66@archive.org,32466,04-02-2023
224,Georgine Boxer,Male,Housekeeping,5766821808,gboxer67@a8.net,17189,23-07-2023
225,Janek Vurley,Female,Housekeeping,6222327605,jvurley68@fda.gov,19400,06-10-2023
226,Analise Kmiec,Female,Receptionist,1693300995,akmiec69@networksolutions.com,30074,28-04-2022
227,Kacie Pfeffle,Male,Receptionist,6781040857,kpfeffle6a@alexa.com,34399,25-12-2022
228,Wren Burns,Male,Manager,8767050814,wburns6b@yandex.ru,62498,13-05-2023
229,Maddi Strapp,Female,Receptionist,6793169099,mstrapp6c@google.fr,27694,15-07-2023
230,Laurie Ibbs,Female,Receptionist,4327818254,libbs6d@joomla.org,26402,17-07-2022
231,Wileen Stanmore,Male,Housekeeping,4826224241,wstanmore6e@webmd.com,16231,28-06-2023
232,Brooke Tissier,Male,Housekeeping,6153297341,btissier6f@amazon.co.jp,17111,21-12-2023
233,Tova Santore,Female,Manager,6684561516,tsantore6g@mysql.com,51201,22-10-2023
234,Mariam Paulot,Male,Housekeeping,7365561602,mpaulot6h@dell.com,18231,10-09-2022
235,Gilberte Reynolds,Male,Housekeeping,4678816052,greynolds6i@ning.com,24205,12-03-2022
236,Olly Darrigone,Male,Receptionist,6756067934,odarrigone6j@slate.com,25135,17-11-2022
237,Garry Sellman,Male,Housekeeping,5984096274,gsellman6k@simplemachines.org,17249,28-09-2023
238,Kienan Endricci,Male,Housekeeping,2862443956,kendricci6l@netvibes.com,22235,29-06-2022
239,Jackquelin Besnard,Other,Housekeeping,8629907349,jbesnard6m@booking.com,24024,14-10-2022
240,Etta Partleton,Male,Housekeeping,2715265882,epartleton6n@tinyurl.com,23921,22-01-2022
241,Darrin Byne,Female,Housekeeping,9138569493,dbyne6o@xinhuanet.com,18346,27-12-2023
242,Derrik Fidilis,Female,Housekeeping,5788700084,dfidilis6p@theatlantic.com,17922,19-05-2022
243,Robbi Spencley,Male,Housekeeping,7248642013,rspencley6q@adobe.com,15221,08-01-2022
244,Marillin Fearnill,Female,Housekeeping,4147845351,mfearnill6r@princeton.edu,15059,11-03-2023
245,Viviana Bohike,Male,Manager,1512632187,vbohike6s@amazonaws.com,63250,17-09-2022
246,Marlane Milliken,Male,Manager,4357743428,mmilliken6t@cnet.com,69673,17-01-2023
247,Maddi McAline,Female,Receptionist,3277914459,mmcaline6u@rakuten.co.jp,25705,29-10-2023
248,Kriste Laslett,Male,Receptionist,5942990823,klaslett6v@bandcamp.com,34626,28-01-2023
249,Mariya Proud,Female,Receptionist,3498194619,mproud6w@ustream.tv,28158,28-11-2023
250,Clementia Fullman,Female,Housekeeping,5977049947,cfullman6x@t.co,18594,26-05-2022
251,Wallache McCullogh,Female,Receptionist,2644533107,wmccullogh6y@cnn.com,31434,25-02-2022
252,Jackquelin Senett,Male,Receptionist,2925222479,jsenett6z@netvibes.com,31852,21-07-2023
253,Gerry Blaxeland,Other,Housekeeping,6519460030,gblaxeland70@de.vu,18599,14-10-2023
254,Lazare Skarin,Male,Housekeeping,2178544519,lskarin71@unblog.fr,15797,18-12-2022
255,Rory Box,Female,Manager,9008698003,rbox72@moonfruit.com,63326,20-12-2022
256,Kitti Hedge,Male,Receptionist,8879574211,khedge73@csmonitor.com,30459,10-05-2022
257,Cristabel Neicho,Female,Receptionist,8792357102,cneicho74@icio.us,32842,18-12-2022
258,Bonni Winpenny,Female,Housekeeping,1027707135,bwinpenny75@foxnews.com,15231,03-02-2023
259,Mathilda Whistance,Male,Housekeeping,4416149699,mwhistance76@flavors.me,18454,10-02-2022
260,Alisha Stoneham,Female,Receptionist,4641503564,astoneham77@amazon.de,28306,27-07-2022
261,Thalia Janway,Male,Housekeeping,9724754155,tjanway78@marriott.com,18899,12-01-2023
262,Delmore Marczyk,Female,Housekeeping,7881976718,dmarczyk79@is.gd,23855,19-08-2023
263,Crin Tomkowicz,Female,Housekeeping,4375575311,ctomkowicz7a@amazon.de,24405,16-01-2023
264,Hendrick Masser,Female,Receptionist,4173981356,hmasser7b@booking.com,34397,18-02-2023
265,Ronna Osmant,Female,Receptionist,7116209534,rosmant7c@issuu.com,33879,29-10-2022
266,Flss MacAnespie,Other,Receptionist,4931128697,fmacanespie7d@google.com,32540,17-02-2022
267,Collen Weatherburn,Male,Receptionist,6731724220,cweatherburn7e@bandcamp.com,30972,14-06-2022
268,Loni Bower,Male,Housekeeping,6707020131,lbower7f@accuweather.com,15697,09-04-2022
269,Clementius Dongles,Female,Housekeeping,2981890537,cdongles7g@homestead.com,20492,07-04-2023
270,Selestina Porcas,Female,Receptionist,9655648088,sporcas7h@myspace.com,29459,20-10-2022
271,Jamill Noore,Male,Housekeeping,4441368730,jnoore7i@prweb.com,23970,24-11-2023
272,Ilyssa Filipic,Male,Receptionist,5044007309,ifilipic7j@rambler.ru,30622,29-11-2022
273,Maximilien Winham,Other,Housekeeping,6217982128,mwinham7k@4shared.com,17134,22-06-2022
274,Taber Clawe,Female,Housekeeping,5779484428,tclawe7l@forbes.com,17146,18-05-2022
275,Clare Jakubovitch,Male,Receptionist,6675371690,cjakubovitch7m@reverbnation.com,29804,29-12-2023
276,Dedra Seago,Female,Housekeeping,7322318205,dseago7n@examiner.com,18716,03-10-2023
277,Clementina Radin,Female,Housekeeping,5208920043,cradin7o@wikispaces.com,16206,12-04-2022
278,Averell Maidment,Male,Housekeeping,5106948874,amaidment7p@state.gov,22801,23-04-2022
279,Honor Pennazzi,Female,Manager,9844642292,hpennazzi7q@fc2.com,52744,07-07-2023
280,Jennine Matyas,Male,Housekeeping,5878416419,jmatyas7r@wufoo.com,23164,06-11-2023
281,Rosamond Snipe,Male,Housekeeping,4159071367,rsnipe7s@businessweek.com,22322,29-03-2023
282,Ali Kislingbury,Female,Housekeeping,1529951348,akislingbury7t@gmpg.org,18188,16-05-2022
283,Abram Brunelleschi,Male,Housekeeping,6873143766,abrunelleschi7u@state.gov,18987,03-06-2022
284,Bertina Arnaudot,Male,Housekeeping,9034403667,barnaudot7v@sohu.com,16602,08-05-2022
285,Rawley Rudgley,Other,Housekeeping,7583049002,rrudgley7w@ed.gov,18889,17-12-2022
286,Melisa Pentlow,Male,Receptionist,8333173401,mpentlow7x@networkadvertising.org,28958,05-02-2022
287,Madlen MacTeague,Male,Receptionist,9542169953,mmacteague7y@elegantthemes.com,32488,25-06-2022
288,Erika Lenz,Male,Housekeeping,9142258390,elenz7z@hostgator.com,16387,17-02-2022
289,Mallory Briskey,Male,Housekeeping,3161135019,mbriskey80@wisc.edu,23250,27-05-2022
290,Ethelyn Podmore,Male,Housekeeping,6301172556,epodmore81@e-recht24.de,15281,23-12-2022
291,Mohammed Harden,Male,Receptionist,2828855030,mharden82@google.ru,32652,21-05-2022
292,Isa Venney,Male,Housekeeping,3745260488,ivenney83@skyrock.com,24446,27-06-2023
293,Letta Meneux,Female,Housekeeping,7316485101,lmeneux84@yellowpages.com,16443,08-03-2022
294,Bradney Hamshar,Male,Manager,7518975949,bhamshar85@weibo.com,64463,20-12-2022
295,Roz Grinston,Male,Receptionist,3923560020,rgrinston86@youtube.com,28632,08-10-2022
296,Marcia Martensen,Female,Housekeeping,1317057645,mmartensen87@joomla.org,22547,28-09-2022
297,Martin Sommerling,Female,Housekeeping,1334994291,msommerling88@delicious.com,24095,07-12-2023
298,Susannah Cunrado,Male,Receptionist,7549301994,scunrado89@uiuc.edu,33725,03-06-2022
299,Moll Iddens,Male,Receptionist,5843338601,middens8a@godaddy.com,25706,23-06-2022
300,Shauna Finnie,Female,Housekeeping,5253248166,sfinnie8b@google.ru,15912,11-07-2022
301,Ashton Sainter,Male,Receptionist,5612977344,asainter8c@wp.com,32262,13-11-2022
302,Leif Lyttle,Female,Receptionist,4769310414,llyttle8d@google.co.jp,29213,09-12-2022
303,Thayne McGeoch,Female,Housekeeping,3914874586,tmcgeoch8e@archive.org,18057,26-05-2022
304,Ransom Marl,Male,Manager,8894185511,rmarl8f@youtube.com,58372,05-01-2023
305,Wells Atterley,Male,Receptionist,4707778183,watterley8g@hc360.com,27241,23-08-2022
306,Malia Drillingcourt,Female,Housekeeping,2135876828,mdrillingcourt8h@vistaprint.com,22520,31-01-2023
307,Karil Skill,Male,Housekeeping,5249506241,kskill8i@example.com,22804,07-08-2022
308,Florinda Lynes,Female,Receptionist,1823574864,flynes8j@uiuc.edu,34829,29-03-2022
309,Mareah Lathwood,Male,Housekeeping,1435797719,mlathwood8k@cafepress.com,15337,07-04-2023
310,Isaac O'Sheeryne,Female,Housekeeping,3021450289,iosheeryne8l@cbc.ca,15055,22-03-2022
311,Alexandra Cattow,Male,Housekeeping,8453191804,acattow8m@ucoz.ru,22833,16-12-2023
312,Nickie Sor,Male,Receptionist,4698412347,nsor8n@pcworld.com,29749,12-10-2023
313,Bryant Vedenisov,Other,Housekeeping,5694530302,bvedenisov8o@altervista.org,18938,25-05-2023
314,Roselin Phillipps,Male,Receptionist,2728789617,rphillipps8p@bing.com,27915,20-01-2023
315,Noel Andrea,Male,Receptionist,6697140393,nandrea8q@themeforest.net,30573,11-06-2023
316,Gaston Gittus,Female,Receptionist,6689013682,ggittus8r@posterous.com,27557,19-06-2023
317,Aridatha Milius,Male,Receptionist,4559655058,amilius8s@odnoklassniki.ru,29939,20-05-2022
318,Norma Hartley,Male,Housekeeping,9901602194,nhartley8t@uol.com.br,15792,03-12-2023
319,Robinet May,Female,Receptionist,3888722117,rmay8u@tripadvisor.com,31335,11-05-2022
320,Keir Gullane,Male,Housekeeping,1194511518,kgullane8v@nasa.gov,16022,29-01-2023
321,Lizabeth Evetts,Male,Receptionist,5177614043,levetts8w@linkedin.com,25320,29-09-2022
322,Mahalia Cracknall,Male,Manager,7857955409,mcracknall8x@psu.edu,63433,30-08-2023
323,Martita Isbell,Female,Housekeeping,1076311573,misbell8y@imageshack.us,21539,07-08-2022
324,Amitie Belham,Male,Manager,6174732947,abelham8z@eventbrite.com,52577,08-01-2023
325,Gifford Braven,Male,Housekeeping,3826892134,gbraven90@list-manage.com,17076,01-07-2023
326,Marvin Kennaird,Male,Housekeeping,8006830492,mkennaird91@gnu.org,23518,29-01-2023
327,Anna-maria Pampling,Male,Housekeeping,3242163867,apampling92@miibeian.gov.cn,19336,17-09-2023
328,Nilson Klimuk,Male,Housekeeping,7296955945,nklimuk93@cbc.ca,18700,15-04-2023
329,Linnell Roger,Male,Receptionist,1688326248,lroger94@hatena.ne.jp,32264,22-09-2023
330,Trude Cawthron,Female,Housekeeping,9058378991,tcawthron95@list-manage.com,19822,12-06-2023
331,Catrina Ragot,Male,Housekeeping,3051702028,cragot96@mayoclinic.com,18054,14-07-2023
332,Farra Polino,Male,Housekeeping,3835065946,fpolino97@sourceforge.net,20540,05-11-2022
333,Bobinette Carvilla,Male,Receptionist,9602783470,bcarvilla98@sun.com,31108,28-10-2022
334,Sandie Norster,Female,Receptionist,5913644028,snorster99@patch.com,26763,17-10-2023
335,Jasen Barlass,Male,Housekeeping,4068263731,jbarlass9a@chron.com,18455,16-07-2022
336,Sasha Fumagallo,Female,Housekeeping,7869899488,sfumagallo9b@seesaa.net,17681,21-12-2023
337,Abbie Vernau,Female,Housekeeping,5823848803,avernau9c@businessweek.com,20453,11-12-2022
338,Kania Hugonneau,Female,Housekeeping,3366213724,khugonneau9d@omniture.com,22268,23-08-2022
339,Ralina Badrick,Female,Housekeeping,2339458698,rbadrick9e@artisteer.com,17376,18-03-2022
340,Evin Lamb,Male,Receptionist,7289714209,elamb9f@amazonaws.com,31861,29-04-2022
341,Jody Dafydd,Male,Receptionist,8918254446,jdafydd9g@flickr.com,30747,09-11-2023
342,Sarita Abele,Female,Housekeeping,5595633680,sabele9h@irs.gov,20127,28-04-2023
343,Tatiania Cornbell,Female,Housekeeping,9707388826,tcornbell9i@smh.com.au,24699,16-04-2023
344,Valerie Cherry,Male,Housekeeping,2786857335,vcherry9j@mit.edu,20500,13-12-2023
345,Erinn Barszczewski,Female,Receptionist,5151391147,ebarszczewski9k@usa.gov,34712,06-06-2022
346,Wallace Heynel,Male,Housekeeping,3087323984,wheynel9l@imdb.com,22394,18-01-2023
347,Mar Filby,Female,Housekeeping,9339690675,mfilby9m@diigo.com,23109,04-07-2023
348,Ardelle Lovelace,Female,Housekeeping,1095540573,alovelace9n@nhs.uk,17911,12-06-2023
349,Huntlee Sapshed,Other,Housekeeping,5757080158,hsapshed9o@google.nl,22791,06-09-2022
350,Henry Woodhead,Female,Receptionist,3881362643,hwoodhead9p@com.com,27794,17-03-2022
351,Fancy Henrie,Female,Housekeeping,3463909967,fhenrie9q@mapy.cz,23072,08-10-2023
352,Horatius Dewsbury,Male,Receptionist,2697823150,hdewsbury9r@addtoany.com,33938,09-09-2023
353,Fax Brislan,Male,Receptionist,2355130900,fbrislan9s@uol.com.br,32786,27-11-2022
354,Melisande Cowdray,Female,Housekeeping,9032589153,mcowdray9t@about.me,18225,04-08-2023
355,Fredrika Wyeld,Female,Receptionist,5124796372,fwyeld9u@slashdot.org,25741,11-01-2022
356,Doug Solano,Male,Housekeeping,2746023751,dsolano9v@feedburner.com,16384,15-05-2023
357,Tabbitha Atteridge,Female,Housekeeping,5515033267,tatteridge9w@upenn.edu,23697,02-10-2022
358,Liv Toon,Male,Manager,9228107649,ltoon9x@constantcontact.com,65280,25-10-2023
359,Marcelo Campey,Male,Receptionist,8468180392,mcampey9y@live.com,28440,21-05-2022
360,Sibyl Soppeth,Female,Receptionist,6088810490,ssoppeth9z@symantec.com,34899,07-05-2022
361,Brok Nussen,Female,Receptionist,5894401105,bnussena0@cloudflare.com,28081,23-09-2022
362,Shawna Zanini,Other,Receptionist,1474620397,szaninia1@prlog.org,34093,28-01-2022
363,Merilee Landman,Female,Manager,9985957430,mlandmana2@istockphoto.com,55315,22-10-2023
364,Emlen Aylott,Male,Housekeeping,4787287766,eaylotta3@comcast.net,23015,09-04-2022
365,Katey Littlekit,Male,Receptionist,1391851450,klittlekita4@nba.com,28493,16-06-2022
366,Elijah Snaith,Male,Housekeeping,3082122214,esnaitha5@taobao.com,16188,12-01-2022
367,Linea Offner,Male,Manager,7312992615,loffnera6@about.me,56122,26-03-2023
368,Rivkah Mackneis,Female,Housekeeping,6805912863,rmackneisa7@cmu.edu,24994,02-03-2023
369,Darn Thieme,Male,Housekeeping,4088166871,dthiemea8@java.com,16798,19-09-2022
370,Ervin Bearne,Male,Housekeeping,9454479558,ebearnea9@ucla.edu,15897,30-01-2023
371,Jock Kelso,Female,Receptionist,6291443140,jkelsoaa@dell.com,27136,13-07-2023
372,Chiquita MacMenamie,Male,Receptionist,3429894562,cmacmenamieab@comcast.net,30917,02-09-2022
373,Petunia Nairy,Female,Housekeeping,7048637972,pnairyac@paginegialle.it,17283,16-10-2023
374,Sheilah Kellington,Male,Housekeeping,8047384966,skellingtonad@phpbb.com,20525,17-08-2023
375,Hedda Mattin,Female,Housekeeping,8646604138,hmattinae@youtube.com,21190,18-08-2022
376,Huberto Corkill,Male,Housekeeping,1579988934,hcorkillaf@youtube.com,20161,16-07-2023
377,Hersch Mesnard,Male,Manager,4568755314,hmesnardag@sakura.ne.jp,55818,02-09-2022
378,Kilian Sheer,Female,Housekeeping,8812149554,ksheerah@wix.com,15176,27-07-2022
379,Enrique Jain,Female,Housekeeping,2657895583,ejainai@drupal.org,24961,14-05-2023
380,Marybeth Filyashin,Male,Housekeeping,2028777429,mfilyashinaj@indiatimes.com,23382,14-08-2023
381,Finn Karpushkin,Male,Manager,8679885524,fkarpushkinak@blogtalkradio.com,51003,27-12-2023
382,Ambrosi Rosin,Male,Housekeeping,6958673822,arosinal@moonfruit.com,22490,09-06-2023
383,Rich Truter,Female,Housekeeping,6553745781,rtruteram@wired.com,16476,26-10-2023
384,Noreen Eckert,Male,Housekeeping,3873122989,neckertan@springer.com,19694,23-06-2022
385,Ashli Reolfo,Female,Receptionist,6102865378,areolfoao@comsenz.com,33570,10-12-2023
386,Kimbra Gillise,Female,Housekeeping,6146165590,kgilliseap@wordpress.org,23448,19-11-2023
387,Gus Swayte,Male,Receptionist,3692913301,gswayteaq@yolasite.com,31564,27-02-2023
388,Kennan Arnaudot,Male,Receptionist,2848906766,karnaudotar@indiegogo.com,31470,03-08-2022
389,Stevy Kenworthy,Male,Receptionist,1253184013,skenworthyas@merriam-webster.com,27115,11-10-2023
390,Judith Scripps,Male,Housekeeping,8354506642,jscrippsat@netscape.com,22541,15-06-2022
391,Belvia Lillecrap,Female,Receptionist,7365553321,blillecrapau@purevolume.com,25691,28-04-2023
392,Zora Fryatt,Male,Manager,1121626053,zfryattav@chronoengine.com,66543,30-10-2022
393,Arabella Moorcraft,Male,Housekeeping,9854924714,amoorcraftaw@vinaora.com,16473,05-06-2022
394,Regan Topp,Female,Receptionist,7202017145,rtoppax@yahoo.co.jp,29570,27-08-2023
395,Robin Bank,Male,Housekeeping,3063592656,rbankay@skyrock.com,18201,20-06-2022
396,Tori Pagram,Male,Manager,3623580273,tpagramaz@purevolume.com,55068,30-01-2023
397,Mikael Orleton,Other,Housekeeping,1368333352,morletonb0@posterous.com,16515,02-10-2022
398,Dyane Dober,Male,Receptionist,7201755044,ddoberb1@imageshack.us,25953,23-05-2022
399,Saul Napoleon,Male,Receptionist,8992919174,snapoleonb2@wp.com,27251,07-01-2022
400,Rozalie Warrier,Male,Housekeeping,4938828528,rwarrierb3@tripod.com,22350,22-01-2023
401,Dore Fearnill,Male,Receptionist,6512797566,dfearnillb4@forbes.com,30876,09-07-2023
402,Tobie Vardy,Female,Housekeeping,9375566021,tvardyb5@google.de,22118,17-11-2023
403,Penn Cade,Male,Housekeeping,6844234339,pcadeb6@globo.com,22629,19-09-2022
404,Essie Ovitz,Male,Housekeeping,8369924755,eovitzb7@shinystat.com,21561,20-07-2022
405,Cloe Ivimey,Male,Receptionist,3139341260,civimeyb8@theatlantic.com,32570,06-03-2022
406,Tallie Bulleyn,Female,Housekeeping,6249481560,tbulleynb9@dell.com,23641,16-04-2022
407,Hirsch Toffano,Male,Housekeeping,8496285530,htoffanoba@whitehouse.gov,22970,26-09-2023
408,Alanna Pithcock,Male,Housekeeping,3398115734,apithcockbb@flavors.me,23671,25-10-2022
409,Phillida Albers,Male,Housekeeping,3367823433,palbersbc@multiply.com,15987,10-01-2023
410,Roze MacSporran,Male,Receptionist,4803042893,rmacsporranbd@linkedin.com,33341,08-01-2022
411,Cecile Abrams,Male,Manager,9582775830,cabramsbe@storify.com,61098,22-12-2023
412,Brander Plimmer,Female,Housekeeping,1052351635,bplimmerbf@sitemeter.com,21638,03-08-2022
413,Ignacio Robberts,Male,Housekeeping,3031494536,irobbertsbg@ted.com,19078,30-05-2022
414,Juditha Dubose,Female,Housekeeping,8878767293,jdubosebh@istockphoto.com,21570,11-08-2023
415,Ermanno Meijer,Male,Housekeeping,1021584463,emeijerbi@addthis.com,20319,27-09-2022
416,Gerry Croome,Female,Housekeeping,7133819573,gcroomebj@addthis.com,23366,22-01-2023
417,Loren Foister,Female,Housekeeping,9988164176,lfoisterbk@blogspot.com,24324,30-04-2023
418,Wallie Carrel,Male,Housekeeping,7111659417,wcarrelbl@aboutads.info,19321,24-07-2023
419,Suzy Powder,Female,Housekeeping,1611769263,spowderbm@oracle.com,16543,14-12-2022
420,Nico Assinder,Male,Housekeeping,8834306045,nassinderbn@myspace.com,23725,10-01-2023
421,Deirdre Turbayne,Female,Receptionist,1923488153,dturbaynebo@trellian.com,27160,30-08-2023
422,Rheta Potebury,Female,Receptionist,9166865048,rpoteburybp@com.com,26208,27-10-2022
423,Rivkah Jeffress,Male,Housekeeping,4201116124,rjeffressbq@hp.com,17890,11-11-2023
424,Brent Foulsham,Other,Housekeeping,9427774596,bfoulshambr@myspace.com,19403,04-11-2022
425,Gwennie Cod,Female,Receptionist,9739832960,gcodbs@loc.gov,27215,28-08-2023
426,Dorella Yancey,Other,Receptionist,9404265746,dyanceybt@51.la,29881,04-07-2022
427,Ottilie Slinger,Other,Housekeeping,4358462060,oslingerbu@webnode.com,15630,11-08-2022
428,Roxanna Farncomb,Female,Housekeeping,9131671305,rfarncombbv@sina.com.cn,23931,04-11-2023
429,Gennie Uttridge,Female,Housekeeping,4588937742,guttridgebw@harvard.edu,15805,19-04-2023
430,Dana Dono,Female,Housekeeping,5923546277,ddonobx@yahoo.co.jp,17238,05-10-2022
431,Etti Huleatt,Male,Housekeeping,6094781843,ehuleattby@slashdot.org,20404,15-02-2022
432,Clarance Pinnigar,Male,Housekeeping,2514835697,cpinnigarbz@weibo.com,16499,18-05-2023
433,Giacinta Craddock,Female,Housekeeping,5127905162,gcraddockc0@altervista.org,16011,26-12-2023
434,Harland Jodkowski,Female,Housekeeping,2394582418,hjodkowskic1@gnu.org,18723,12-06-2022
435,Noelani Geke,Female,Housekeeping,8064618431,ngekec2@independent.co.uk,15951,08-03-2023
436,Kaspar Lambal,Male,Receptionist,9789679634,klambalc3@sun.com,29948,08-05-2022
437,Carolann Pidgeley,Female,Housekeeping,5954956259,cpidgeleyc4@independent.co.uk,16426,09-04-2022
438,Belle Pfeffel,Female,Manager,6369276350,bpfeffelc5@umich.edu,55643,09-01-2022
439,Cesaro Vardon,Female,Receptionist,7539675555,cvardonc6@networksolutions.com,32899,29-07-2023
440,Noland Hares,Male,Receptionist,1633154857,nharesc7@cbslocal.com,27308,13-12-2022
441,Otha Pott,Male,Receptionist,8009961750,opottc8@bbb.org,34817,26-02-2023
442,Reggis Cockrell,Female,Receptionist,7488488311,rcockrellc9@dion.ne.jp,33674,21-03-2022
443,Diahann McBride,Female,Receptionist,8807205846,dmcbrideca@un.org,25087,27-02-2022
444,Jorge Liverseege,Female,Receptionist,4271008116,jliverseegecb@stanford.edu,28907,23-11-2022
445,Bernard Ricoald,Male,Receptionist,4054880417,bricoaldcc@google.co.jp,27985,07-01-2023
446,Zak Rivalant,Male,Receptionist,1927174104,zrivalantcd@census.gov,25071,14-05-2023
447,Stormy Hallstone,Female,Manager,5954785993,shallstonece@time.com,53568,21-01-2023
448,Lock Dumbelton,Male,Receptionist,6595496802,ldumbeltoncf@ibm.com,27490,26-06-2023
449,Hillyer Rentilll,Female,Housekeeping,8444371638,hrentilllcg@huffingtonpost.com,19026,27-06-2022
450,Fianna Greensmith,Male,Housekeeping,3515493617,fgreensmithch@wordpress.org,22680,03-02-2022
451,Judon Baskerfield,Male,Housekeeping,2349604660,jbaskerfieldci@sogou.com,15965,24-05-2022
452,Helga Fairhall,Female,Receptionist,4585776288,hfairhallcj@livejournal.com,27145,02-11-2022
453,Sophie Livard,Male,Housekeeping,4461978977,slivardck@sphinn.com,18922,01-03-2022
454,Carmon Georgeon,Male,Housekeeping,1028796715,cgeorgeoncl@nbcnews.com,20197,13-10-2022
455,Janith O'Leagham,Male,Housekeeping,5229577482,joleaghamcm@bigcartel.com,21111,13-08-2023
456,Erna Freeborne,Male,Housekeeping,1771220358,efreebornecn@cloudflare.com,15267,23-06-2023
457,Blinnie Bertram,Male,Housekeeping,6961930169,bbertramco@redcross.org,15183,02-04-2022
458,Charlotte Blaxall,Male,Housekeeping,5978245426,cblaxallcp@1688.com,15585,29-12-2023
459,Garry Giorgielli,Female,Housekeeping,4344184827,ggiorgiellicq@cocolog-nifty.com,22232,24-10-2023
460,Tammie Kirvin,Female,Housekeeping,5409157781,tkirvincr@indiatimes.com,15043,01-10-2023
461,Joete Lockier,Male,Housekeeping,6646747546,jlockiercs@salon.com,19042,24-06-2023
462,Ernestus Riddett,Male,Housekeeping,2024732589,eriddettct@merriam-webster.com,16191,31-12-2022
463,Fredericka Attwill,Female,Housekeeping,3476069884,fattwillcu@gmpg.org,18785,05-07-2022
464,Maximilien Axleby,Male,Receptionist,9366648786,maxlebycv@e-recht24.de,30006,29-04-2022
465,Edgar Glasscoe,Male,Housekeeping,4105098652,eglasscoecw@virginia.edu,16797,07-10-2022
466,Jan Langcaster,Female,Housekeeping,4488690759,jlangcastercx@scientificamerican.com,17356,01-07-2022
467,Kacy Skeat,Male,Manager,8797505437,kskeatcy@qq.com,56532,14-02-2022
468,Averil Domenc,Female,Housekeeping,3443909276,adomenccz@yolasite.com,19613,02-02-2023
469,Andriette Ewbach,Male,Manager,4791571328,aewbachd0@opera.com,57407,06-04-2023
470,Carry Olivey,Male,Housekeeping,9534855572,coliveyd1@apple.com,17224,14-01-2023
471,Kelci Grinikhinov,Male,Receptionist,1005145947,kgrinikhinovd2@google.com.au,31272,04-06-2022
472,Jordon Dufer,Female,Housekeeping,4386558756,jduferd3@kickstarter.com,17468,03-06-2022
473,Sheri Grigore,Female,Housekeeping,4638696549,sgrigored4@china.com.cn,15088,06-05-2022
474,Roanne Bingham,Female,Housekeeping,9991557755,rbinghamd5@reddit.com,19975,26-01-2022
475,Jodie Pell,Female,Receptionist,3162605293,jpelld6@nsw.gov.au,31895,28-08-2022
476,Alverta Widmore,Female,Housekeeping,2196121190,awidmored7@flickr.com,15728,23-02-2023
477,Quent Gaspero,Female,Housekeeping,5379169843,qgasperod8@cloudflare.com,21573,01-01-2023
478,Emelita Relfe,Male,Housekeeping,4927814878,erelfed9@latimes.com,15723,23-06-2023
479,Benoit Simanek,Female,Receptionist,2758830360,bsimanekda@ftc.gov,29087,21-04-2023
480,Puff Ham,Female,Housekeeping,6776150974,phamdb@indiatimes.com,22848,26-07-2022
481,Hershel Lorait,Male,Housekeeping,9942798271,hloraitdc@youku.com,24612,11-11-2023
482,Perrine McCurry,Male,Housekeeping,1027228968,pmccurrydd@theatlantic.com,20062,11-08-2022
483,Luke Springell,Male,Housekeeping,8821995831,lspringellde@quantcast.com,21874,20-01-2023
484,Breanne Woollacott,Male,Housekeeping,2049435878,bwoollacottdf@pen.io,22247,14-06-2023
485,Daryle Andersch,Male,Housekeeping,1457280549,danderschdg@narod.ru,20469,23-07-2023
486,Kermie Gooda,Male,Housekeeping,9894751768,kgoodadh@yellowbook.com,19590,24-01-2023
487,Kathleen Schule,Female,Housekeeping,9878188292,kschuledi@zdnet.com,21312,06-09-2023
488,Tiphanie McSpirron,Female,Housekeeping,2396064647,tmcspirrondj@linkedin.com,23838,14-05-2023
489,Jessi Schapero,Male,Housekeeping,9448502760,jschaperodk@nsw.gov.au,20387,14-11-2023
490,Kasper Phillput,Male,Manager,4049835653,kphillputdl@feedburner.com,55709,27-05-2023
491,Lizbeth Sprake,Male,Housekeeping,3564156132,lsprakedm@tuttocitta.it,23577,03-11-2022
492,Martha Bungey,Male,Housekeeping,4467227317,mbungeydn@aol.com,24904,01-06-2022
493,Sophey Persey,Male,Receptionist,9296960838,sperseydo@tinypic.com,25832,20-12-2023
494,Sandie Caile,Other,Housekeeping,7292584306,scailedp@scientificamerican.com,22979,22-08-2023
495,Benjamen Harrema,Male,Housekeeping,5422322154,bharremadq@nifty.com,17683,08-04-2022
496,Tobias O'Gaven,Female,Receptionist,8958672573,togavendr@geocities.jp,28725,09-10-2023
497,Stefano Turnock,Female,Housekeeping,9015066094,sturnockds@taobao.com,18885,02-05-2022
498,Ellswerth Woodyatt,Male,Housekeeping,3476945018,ewoodyattdt@un.org,23402,24-05-2022
499,Elenore Stennings,Male,Housekeeping,4694513135,estenningsdu@simplemachines.org,22619,23-02-2022
500,Ferd Tackley,Female,Receptionist,7954864746,ftackleydv@guardian.co.uk,29047,13-09-2022
